782853152,compliant
SS16HE3_A/I,compliant
SMBJ40CAHE3/52,error
VLMV3100-GS08,compliant
SMCJ150CAHE3/57T,error
SQ2308CES-T1_GE3,compliant
MAL214699801E3,compliant
SMAJ5.0CAHE3/61,error
RCL122575R0FKEG,compliant
WSHM2818R0500FEA,compliant
CRCW251210R0FKEGHP,compliant
TXB0104QPWRQ1,compliant
TPS76333QDBVRG4Q1,compliant
TPS3808G50QDBVRQ1,compliant
SN65HVDA1040AQDRQ1,compliant
LM25011Q1MY/NOPB,compliant
CD74HC4051QPWRQ1,compliant
SMD100F/33-2,compliant
,error
CGA9N3X7R2E105K230KA,compliant
CGA3E2C0G1H080D080AA,compliant
NRS4010T4R7MDGGV,compliant
TSV324IYPT,compliant
TSV321RIYLT,compliant
STTH30L06GY-TR,compliant
STD18NF25,compliant
DVIULC6-4SC6Y,compliant
ERJ-8ENF1072V,compliant
ERJ-8ENF1002V,compliant
ERJ-8ENF1001V,compliant
ERJ-3RQFR22V,compliant
ERJ-3GEY0R00V,compliant
ERJ-3EKF4751V,compliant
ERJ-3EKF2742V,compliant
ERJ-3EKF2493V,compliant
ERJ-3EKF2491V,compliant
ERJ-3EKF1001V,compliant
ERJ-3EKF1400V,compliant
ERJ-3EKF1000V,compliant
ERJ-3EKF22R0V,compliant
ERJ8ENF4992V,compliant
ERJ8ENF1200V,compliant
ERA-3AEB1912V,compliant
ERA8AEB104V,compliant
ERA3AEB8251V,compliant
ERA3AEB104V,compliant
BR-1632A/FAN,error
MURS360T3G,compliant
MM3Z4V7T1G,compliant
MJH11021G,error
91831A007,error
NFM21HC223R1H3D,compliant
GCM188R71H333KA55D,compliant
GCM188R71H224KA64D,compliant
GCM188R71H104KA57D,compliant
GCM188R71H103KA37D,compliant
GCM188R71H102KA37D,compliant
GCM188R71C105KA64D,compliant
GCM32ER71A226KE12L,compliant
GCM21BR72A104KA37L,compliant
GCM31MR71H105KA55L,compliant
GCM21BR71H105KA03L,compliant
GCM21BR71C475KA73L,compliant
BLM31PG391SH1L,compliant
15-91-2100,error
MCP7940N-E/SN,error
ATTINY25-15SZ,compliant
AT32UC3C1512C-AZR,compliant
SMDJ75CA,compliant
SMD185F-2,compliant
SMCJ30CA,compliant
SM24CANA-02HTG,compliant
SM05-02HTG,compliant
LTST-C191KSKT,compliant
TYS6045680M-10,compliant
DLA40IM800PC,error
DM3AT-SF-PEJM5,compliant
ECS-160-18-33Q-DS,compliant
MMBTA56-7-F,compliant
ACGRAT103-HF,compliant
ACDST-2004S-HF,compliant
ST3215SB32768C0HSZA1,compliant
06031A300J4T2A,compliant
